<?xml version='1.0' encoding='utf-8' standalone='yes' ?>
<map>
    <string name="prev_event_name">home_screen_opened</string>
    <long name="prev_event_timestamp" value="1757334315229" />
    <int name="appsFlyerInAppEventCount" value="4" />
    <long name="prev_session_dur" value="5" />
    <boolean name="ddl_sent" value="true" />
    <long name="af_rc_max_age" value="86400" />
    <string name="sentSuccessfully">true</string>
    <string name="af_remote_config">eyJmZWF0dXJlcyI6e30sInZlciI6ImRlZmF1bHQudjEuMTYzNzE0OTUyOSJ9</string>
    <int name="versionCode" value="53" />
    <string name="savedProperties">{&quot;uid&quot;:&quot;1757334265109-2378904268799090531&quot;,&quot;onelinkVersion&quot;:&quot;3&quot;,&quot;waitForCustomerId&quot;:&quot;false&quot;,&quot;logLevel&quot;:&quot;0&quot;,&quot;oneLinkSlug&quot;:&quot;tlS1&quot;,&quot;onelinkDomain&quot;:&quot;viralo.onelink.me&quot;,&quot;AppUserId&quot;:&quot;cmfayrd2505n1o7nm50be4jc0&quot;,&quot;onelinkScheme&quot;:&quot;viralo:\/\/&quot;}</string>
    <string name="AF_INSTALLATION">1757334265109-2378904268799090531</string>
    <boolean name="afUninstallToken_queued" value="false" />
    <int name="appsFlyerCount" value="3" />
    <long name="af_rc_timestamp" value="1757334265540" />
    <long name="AppsFlyerTimePassedSincePrevLaunch" value="1757334313793" />
    <boolean name="newGPReferrerSent" value="true" />
    <string name="appsFlyerFirstInstall">2025-09-08_175425+0530</string>
    <string name="attributionId">{&quot;af_status&quot;:&quot;Organic&quot;,&quot;af_message&quot;:&quot;organic install&quot;,&quot;is_first_launch&quot;:false}</string>
</map>
