<?xml version='1.0' encoding='utf-8' standalone='yes' ?>
<map>
    <string name="prev_event_name">home_screen_opened</string>
    <long name="prev_event_timestamp" value="1757334955758" />
    <int name="appsFlyerInAppEventCount" value="9" />
    <long name="prev_session_dur" value="5" />
    <boolean name="ddl_sent" value="true" />
    <long name="af_rc_max_age" value="86400" />
    <string name="af_remote_config">eyJmZWF0dXJlcyI6e30sInZlciI6ImRlZmF1bHQudjEuMTYzNzE0OTUyOSJ9</string>
    <int name="versionCode" value="80" />
    <string name="savedProperties">{&quot;uid&quot;:&quot;1757327412600-8749853853370312876&quot;,&quot;waitForCustomerId&quot;:&quot;false&quot;,&quot;logLevel&quot;:&quot;0&quot;,&quot;oneLinkSlug&quot;:&quot;tlS1&quot;,&quot;AppUserId&quot;:&quot;cmfayrd2505n1o7nm50be4jc0&quot;}</string>
    <string name="AF_INSTALLATION">1757327412600-8749853853370312876</string>
    <int name="appsFlyerCount" value="8" />
    <long name="af_rc_timestamp" value="1757327413034" />
    <long name="AppsFlyerTimePassedSincePrevLaunch" value="1757334953857" />
    <boolean name="newGPReferrerSent" value="true" />
    <string name="appsFlyerFirstInstall">2025-09-08_160013+0530</string>
</map>
