<?xml version='1.0' encoding='utf-8' standalone='yes' ?>
<map>
    <long name="fire-count" value="1" />
    <string name="last-used-date">2025-09-08</string>
    <long name="fire-global" value="1757327411798" />
    <set name="fire-transport/18.2.0 fire-installations/18.0.0 android-min-sdk/24 device-brand/Infinix device-name/X675-GL react-native-firebase/21.7.4 android-installer/com.android.vending fire-core/21.0.0 fire-android/30 fire-core-ktx/21.0.0 device-model/Infinix-X675 android-platform/ fire-fcm/24.1.0 kotlin/1.9.25 android-target-sdk/25">
        <string>2025-09-08</string>
    </set>
</map>
