{"Fid":"ezEm6fzjR1y5m0ebw4Kcvr","Status":3,"AuthToken":"eyJhbGciOiJFUzI1NiIsInR5cCI6IkpXVCJ9.eyJhcHBJZCI6IjE6MTAxNjc4NjQ0NTg4MjphbmRyb2lkOjI2MWUxNWI4MDZlYmMwOGJlZTc3MDMiLCJleHAiOjE3NTc5MzkwNjUsImZpZCI6ImV6RW02ZnpqUjF5NW0wZWJ3NEtjdnIiLCJwcm9qZWN0TnVtYmVyIjoxMDE2Nzg2NDQ1ODgyfQ.AB2LPV8wRQIhALkUzmmbNkAO9zi-StrpQahgLI0ScsNiF4Xv6f_hJZ59AiATakZbqAeGOOrkiV2uFcIIRJ_VfHhv5Cx4tW3Sfh_7LA","RefreshToken":"3_AS3qfwJ-8JPxfsPn5vl__ghS1PiEpJ2-s4YqVUi53GyXOdCcBVeMXwqazULS6lpJSUPGHvfZmuHPggR5m6bayPBR5HFsO87LuSHAHt5lOCGfX7g","TokenCreationEpochInSecs":1757334265,"ExpiresInSecs":604800}